0,1,2,3,4,5,6,7,8,9,10,11,12,13,14,15,16,17,18,19,20,21,22,23,24,25,26,27,28
110591,111350,112057,112640,113423,117231,199583,354021,431630,820167,830361,835495,940590,-1,-1,-1,-1,-1,-1,-1,-1,-1,-1,-1,-1,-1,-1,-1,-1
110588,111347,112056,112642,113423,317496,365668,397067,397742,412892,454916,479667,765964,1220819,-1,-1,-1,-1,-1,-1,-1,-1,-1,-1,-1,-1,-1,-1,-1
110608,111354,112060,112644,113415,166916,343056,381520,425013,444628,474688,476747,493993,501956,701127,1133929,-1,-1,-1,-1,-1,-1,-1,-1,-1,-1,-1,-1,-1
110604,111399,111970,112654,113424,115479,130340,180322,185429,195121,212456,218640,220891,225391,237424,344559,351228,441536,507666,1088577,1131154,-1,-1,-1,-1,-1,-1,-1,-1
110607,111502,112066,112653,113431,114009,115862,151261,190101,199881,222328,386703,418608,439075,459942,476178,478714,495825,817309,824216,913199,1060231,1102453,1155319,1224107,-1,-1,-1,-1
110591,111388,112064,112643,113416,114002,114584,116629,118394,118970,137365,196970,202685,205811,221505,355700,400146,409729,543256,752146,804161,-1,-1,-1,-1,-1,-1,-1,-1
110580,111374,111955,112631,113404,120901,124627,132616,136999,208914,223340,396531,411018,422997,456093,471531,529395,809565,821747,955555,1071397,-1,-1,-1,-1,-1,-1,-1,-1
110596,111393,112061,112645,113416,118661,204199,205147,373306,502689,610125,799773,980010,-1,-1,-1,-1,-1,-1,-1,-1,-1,-1,-1,-1,-1,-1,-1,-1
110613,111409,112077,112662,113444,114603,163333,330390,438388,439277,539934,605159,1002236,-1,-1,-1,-1,-1,-1,-1,-1,-1,-1,-1,-1,-1,-1,-1,-1
110601,111400,112057,112728,113398,113898,115833,179587,216965,371673,411571,471891,657969,955687,1029595,-1,-1,-1,-1,-1,-1,-1,-1,-1,-1,-1,-1,-1,-1
110595,111390,111983,112654,113425,156725,221147,243398,439332,451292,476903,738946,746329,783651,815615,-1,-1,-1,-1,-1,-1,-1,-1,-1,-1,-1,-1,-1,-1
110612,111410,111974,112651,113438,194304,210744,212336,222116,231833,320402,322115,418869,458773,469183,517198,1133502,-1,-1,-1,-1,-1,-1,-1,-1,-1,-1,-1,-1
110622,111416,111992,112666,113444,150014,151902,152611,159481,170668,197999,208048,210536,214934,328898,347178,351042,365819,370328,376226,384320,390396,422163,474865,537405,986737,1110252,-1,-1
110629,111375,111997,112669,113448,125247,205554,219045,225480,232209,332370,430297,442995,555977,710396,763979,869685,898898,-1,-1,-1,-1,-1,-1,-1,-1,-1,-1,-1
110609,111394,111951,112642,113218,118245,124518,125518,195825,199674,204767,241133,412529,497800,502862,535495,547197,557713,834006,951739,1141927,-1,-1,-1,-1,-1,-1,-1,-1
41629,110624,111369,111975,112658,113440,114012,114599,123871,126021,202170,215322,230841,377103,436536,454562,534450,558241,941346,1019314,-1,-1,-1,-1,-1,-1,-1,-1,-1
110611,111404,111968,112647,113422,113995,114680,119310,199731,212152,213814,216425,223224,235188,347098,494200,500292,725818,853584,965764,982157,-1,-1,-1,-1,-1,-1,-1,-1
110616,111401,111975,112655,113427,114006,114590,126460,151852,200407,201233,214223,311914,319839,364609,582161,742684,954350,973012,1186864,1210092,-1,-1,-1,-1,-1,-1,-1,-1
110606,111337,112647,127037,128099,150349,154829,158411,184866,190299,219814,224339,228179,450881,469986,495383,533503,544987,-1,-1,-1,-1,-1,-1,-1,-1,-1,-1,-1
110603,111408,112669,347511,485201,596040,829077,948636,1136777,-1,-1,-1,-1,-1,-1,-1,-1,-1,-1,-1,-1,-1,-1,-1,-1,-1,-1,-1,-1
110586,111391,112649,128245,214943,359322,426126,426805,442659,509039,514059,754714,920998,1042704,1157819,-1,-1,-1,-1,-1,-1,-1,-1,-1,-1,-1,-1,-1,-1
110597,111396,112652,122892,129255,334766,412157,441355,722930,759568,1189484,1222947,1249105,-1,-1,-1,-1,-1,-1,-1,-1,-1,-1,-1,-1,-1,-1,-1,-1
110625,111352,112066,112662,113436,120962,125727,151974,170739,189613,199759,210530,302921,431412,476515,678864,1007005,1023023,1065823,-1,-1,-1,-1,-1,-1,-1,-1,-1,-1
110622,111406,112075,112672,113434,123008,126758,129655,193670,210431,214974,228925,236441,241597,358082,361121,365863,369587,387181,440456,519010,612548,774178,838042,842347,999885,1104804,1123484,1175875
110611,111417,112086,112667,113435,123197,124970,128714,200736,408728,452605,1013482,1057774,-1,-1,-1,-1,-1,-1,-1,-1,-1,-1,-1,-1,-1,-1,-1,-1
110595,111395,111980,112655,113431,122555,384086,387732,624105,772184,1009250,-1,-1,-1,-1,-1,-1,-1,-1,-1,-1,-1,-1,-1,-1,-1,-1,-1,-1
110584,111401,112051,112642,113408,113982,121306,122078,123237,129264,159869,209553,307837,401113,456387,462710,505000,834179,907338,1050769,1236566,-1,-1,-1,-1,-1,-1,-1,-1
110613,111409,112074,112661,113436,114013,114601,124776,126673,158791,178135,199632,280391,345188,373303,418483,467474,484426,780950,861038,884615,1125427,1240678,-1,-1,-1,-1,-1,-1
110580,111407,112064,112650,113419,115827,120082,124532,198896,204948,347471,482767,989996,1209707,-1,-1,-1,-1,-1,-1,-1,-1,-1,-1,-1,-1,-1,-1,-1
110644,111391,112082,112670,113441,114020,114699,120683,121971,200672,208285,219106,248008,383665,392266,509219,742124,-1,-1,-1,-1,-1,-1,-1,-1,-1,-1,-1,-1
110621,111412,112645,204963,233950,314413,409045,420419,481248,849428,1032745,1238548,-1,-1,-1,-1,-1,-1,-1,-1,-1,-1,-1,-1,-1,-1,-1,-1,-1
110639,111398,112080,112665,113443,119451,151757,194390,210113,215249,221561,406468,480574,1046477,1115892,1235438,-1,-1,-1,-1,-1,-1,-1,-1,-1,-1,-1,-1,-1
110633,111357,111988,112667,113936,120883,125757,126466,127665,130286,269943,294464,467552,496854,798614,960182,1049016,-1,-1,-1,-1,-1,-1,-1,-1,-1,-1,-1,-1
110635,111393,112071,112659,120985,124491,173897,177121,191067,355425,401806,418308,428523,749460,752500,763192,778010,989464,1006562,1008865,1078598,1097500,-1,-1,-1,-1,-1,-1,-1
110621,111393,112072,112660,113436,114690,119726,121724,125561,167218,190411,195578,218480,230790,346527,839723,1065471,-1,-1,-1,-1,-1,-1,-1,-1,-1,-1,-1,-1
110640,111395,112068,112658,113424,119145,122738,168747,185573,204399,435882,1144676,1151631,1184535,1190311,1193230,-1,-1,-1,-1,-1,-1,-1,-1,-1,-1,-1,-1,-1
21121,110634,111347,112065,112650,113418,117363,119821,121351,346990,389851,666669,758194,881513,-1,-1,-1,-1,-1,-1,-1,-1,-1,-1,-1,-1,-1,-1,-1
110631,111354,112084,112669,113435,113937,120736,123866,135521,136080,208372,221848,224322,431157,483586,724722,763553,987788,-1,-1,-1,-1,-1,-1,-1,-1,-1,-1,-1
110639,111363,112078,112665,113438,116923,117451,120198,121360,124080,164422,171762,174043,178709,185217,188230,191106,204417,205486,209300,214605,228193,232229,339364,668010,1071023,-1,-1,-1
110625,111354,112063,112650,113418,122484,393757,920138,936354,940305,1053790,-1,-1,-1,-1,-1,-1,-1,-1,-1,-1,-1,-1,-1,-1,-1,-1,-1,-1
110685,111336,112657,113432,119751,120593,121566,123718,159745,162750,164478,166689,217068,434934,437698,938304,-1,-1,-1,-1,-1,-1,-1,-1,-1,-1,-1,-1,-1
110608,111416,112076,112657,113432,120205,122116,130212,170172,206338,209051,213407,220048,380081,583516,688388,690001,1229739,-1,-1,-1,-1,-1,-1,-1,-1,-1,-1,-1
110632,111403,111989,112670,113437,117930,121264,122326,167781,523398,1112480,-1,-1,-1,-1,-1,-1,-1,-1,-1,-1,-1,-1,-1,-1,-1,-1,-1,-1
110656,111351,112074,112651,113420,114011,115844,117109,124018,167047,215161,223920,431094,964944,1208041,1215970,-1,-1,-1,-1,-1,-1,-1,-1,-1,-1,-1,-1,-1
110693,111414,111978,112668,113438,116751,121041,122042,122651,195378,196730,210928,224338,427423,451851,452995,-1,-1,-1,-1,-1,-1,-1,-1,-1,-1,-1,-1,-1
110635,111415,112669,113436,122602,123260,158289,162757,174879,196092,214293,239421,464816,498242,667081,875726,904394,1117758,-1,-1,-1,-1,-1,-1,-1,-1,-1,-1,-1
110629,111320,112660,115826,118359,122008,122524,133763,151261,165423,177355,210485,220819,426169,773546,822828,1234005,-1,-1,-1,-1,-1,-1,-1,-1,-1,-1,-1,-1
110624,111393,112647,118812,119513,120617,127235,129371,161437,166011,169732,180368,192514,199057,334219,414798,587487,682772,1106267,-1,-1,-1,-1,-1,-1,-1,-1,-1,-1
110642,111325,111969,112658,113433,116099,121116,121959,125834,155209,160169,181645,197088,202908,206809,207375,215324,302675,358075,646752,997992,1008483,1087174,1144879,-1,-1,-1,-1,-1
110596,111329,112051,112638,114556,119990,121159,128216,160341,291868,326296,1152241,-1,-1,-1,-1,-1,-1,-1,-1,-1,-1,-1,-1,-1,-1,-1,-1,-1
110601,111463,112037,112624,113395,114684,118871,121217,125720,128342,210639,215717,223354,223945,269247,434155,463130,766844,886029,986904,1160934,-1,-1,-1,-1,-1,-1,-1,-1
110641,111350,111981,112661,113440,114016,115587,118464,122929,123675,127283,208769,384636,406669,412205,537363,964797,1078716,-1,-1,-1,-1,-1,-1,-1,-1,-1,-1,-1
36614,110679,111412,112001,112677,113444,113946,123417,126115,127595,179261,184983,191735,193284,196867,198959,204148,205081,450740,490374,496558,569160,949032,-1,-1,-1,-1,-1,-1
110635,111401,112061,112655,113421,118432,122865,123410,125275,127776,156945,160331,180673,308537,436533,476986,1032666,1056055,1130142,1214077,-1,-1,-1,-1,-1,-1,-1,-1,-1
110669,111390,111974,112654,113428,113930,119416,122232,124294,125952,133494,165668,229310,426166,490966,1232130,-1,-1,-1,-1,-1,-1,-1,-1,-1,-1,-1,-1,-1
110617,111395,112074,112653,113435,114011,114684,115904,119575,120807,122944,125976,129474,130759,146054,175261,181385,185288,189815,402480,413726,915823,-1,-1,-1,-1,-1,-1,-1
110617,111407,112660,113441,117172,120566,121583,123309,125360,126919,157037,488288,785637,1092348,1171110,-1,-1,-1,-1,-1,-1,-1,-1,-1,-1,-1,-1,-1,-1
110607,111394,112046,112727,120916,124658,126929,128840,178610,185821,231151,409145,495177,782314,1185953,-1,-1,-1,-1,-1,-1,-1,-1,-1,-1,-1,-1,-1,-1
110620,111412,112091,112672,122239,122941,126113,132337,224731,236174,248630,460491,526576,757101,772986,837858,1232742,1241165,-1,-1,-1,-1,-1,-1,-1,-1,-1,-1,-1
110605,111397,112062,112660,113423,122656,124161,125234,128993,130701,174234,191874,201320,245080,306765,438458,533071,537987,834123,949726,1111478,-1,-1,-1,-1,-1,-1,-1,-1
110615,111400,112075,112659,113445,119987,125683,126775,128330,165172,168790,176856,395770,452862,459590,525531,526303,596671,719243,1036717,1047971,1088434,1164686,1190807,1214378,-1,-1,-1,-1
26561,110634,111357,112071,112647,122693,123284,125386,129130,131807,147915,168606,180282,195223,215477,224582,229276,420907,472633,513454,564967,951570,1057261,-1,-1,-1,-1,-1,-1
110644,111352,112085,112668,113440,124349,126036,128862,131088,203112,216462,218851,348032,401792,436974,664467,815882,946736,-1,-1,-1,-1,-1,-1,-1,-1,-1,-1,-1
81931,110608,111349,112065,112656,113425,119912,128014,129368,172038,188122,454115,527223,541877,594979,-1,-1,-1,-1,-1,-1,-1,-1,-1,-1,-1,-1,-1,-1
110649,111399,112059,112647,115834,121344,121947,124274,131539,139608,151180,206166,212553,377720,419388,439495,-1,-1,-1,-1,-1,-1,-1,-1,-1,-1,-1,-1,-1
110603,111361,112065,112656,113424,119477,121426,128124,133805,134453,157983,183029,192244,214024,226641,329514,377818,393892,832444,-1,-1,-1,-1,-1,-1,-1,-1,-1,-1
110605,111406,112074,112660,113434,114600,123941,124747,126159,154377,160263,170842,184616,192726,200794,400584,677518,720575,749565,1244513,-1,-1,-1,-1,-1,-1,-1,-1,-1
110600,111323,112642,114734,121653,122991,126322,127502,137177,159920,161714,180163,181015,201371,224711,381311,389049,633360,777315,801515,990989,-1,-1,-1,-1,-1,-1,-1,-1
110606,111358,112067,112656,113423,118212,121403,125971,127448,177030,180206,318729,330720,366455,477926,1007840,-1,-1,-1,-1,-1,-1,-1,-1,-1,-1,-1,-1,-1
41606,110619,111395,112075,112662,113428,114009,116654,117541,125350,144772,159077,182065,183886,194843,222489,397461,442333,502564,691366,836083,-1,-1,-1,-1,-1,-1,-1,-1
110617,111418,112071,112661,113442,117585,123667,124307,129872,231849,401494,449472,781174,-1,-1,-1,-1,-1,-1,-1,-1,-1,-1,-1,-1,-1,-1,-1,-1
110610,111392,112063,112647,113422,114004,115847,118967,123341,127349,129200,139225,151305,164987,166587,170565,281885,313846,390813,429153,436847,490351,702765,848733,863200,958058,-1,-1,-1
110604,111398,112062,112650,113417,117857,118800,123390,133108,205458,226639,231645,234789,243851,400245,551274,789850,982367,984901,-1,-1,-1,-1,-1,-1,-1,-1,-1,-1
110615,111400,112065,112657,113426,113928,118992,120912,121611,132888,149507,170257,204539,219018,239884,585087,816012,917461,-1,-1,-1,-1,-1,-1,-1,-1,-1,-1,-1
110626,111365,112061,112654,113434,122199,143010,158451,178826,347929,923907,944891,1025206,1244810,-1,-1,-1,-1,-1,-1,-1,-1,-1,-1,-1,-1,-1,-1,-1
110633,111360,111957,112636,116165,117562,119338,120691,122754,124901,130049,161321,275594,386056,392665,397695,501180,859728,872033,1246225,-1,-1,-1,-1,-1,-1,-1,-1,-1
110618,111375,112079,112672,115928,118211,119070,120881,127484,128195,140890,207747,525990,602235,717002,790075,876401,-1,-1,-1,-1,-1,-1,-1,-1,-1,-1,-1,-1
110643,111381,112085,112667,116910,119642,127634,142951,170279,182012,187421,264677,534556,557937,586492,1050595,1166199,-1,-1,-1,-1,-1,-1,-1,-1,-1,-1,-1,-1
110609,111361,112075,112656,113430,118507,119298,134449,158599,200703,534731,928820,-1,-1,-1,-1,-1,-1,-1,-1,-1,-1,-1,-1,-1,-1,-1,-1,-1
110598,111396,112075,112661,113439,114738,115797,117790,118301,120819,124759,136922,185208,188232,194933,197127,205931,218506,222160,239064,370238,544457,907181,1136913,1141375,-1,-1,-1,-1
110619,111340,112670,116696,117785,122198,126464,142256,195363,198594,415223,626344,1007422,-1,-1,-1,-1,-1,-1,-1,-1,-1,-1,-1,-1,-1,-1,-1,-1
110576,111364,112060,112653,113421,116455,118974,120360,123668,127752,145124,155393,164072,173728,190522,227642,234671,1051719,1176152,-1,-1,-1,-1,-1,-1,-1,-1,-1,-1
110591,111406,112065,112654,113427,114008,117004,117688,118728,122320,127788,129605,134215,150704,156702,164239,182628,-1,-1,-1,-1,-1,-1,-1,-1,-1,-1,-1,-1
110632,111402,112678,113945,115867,116576,117660,119630,120133,126550,128250,146350,149015,178142,209753,214470,216601,223461,459233,669034,895728,1006292,1245766,-1,-1,-1,-1,-1,-1
110599,111395,111966,112648,113422,114005,116186,117110,119041,120892,128186,139238,160201,227014,229712,429029,432210,441395,733142,849236,924970,955959,1005646,1089757,-1,-1,-1,-1,-1
110652,111503,112075,112657,113429,115743,117788,119229,120810,121893,125956,138659,147642,201026,211538,421541,636464,1028612,1230076,-1,-1,-1,-1,-1,-1,-1,-1,-1,-1
110620,111397,111973,112654,113430,115858,118486,122118,125443,203820,231858,-1,-1,-1,-1,-1,-1,-1,-1,-1,-1,-1,-1,-1,-1,-1,-1,-1,-1
110644,111403,112078,112660,113243,113926,117359,119696,120340,122778,145301,170903,194222,319908,356067,671364,904292,1021716,1111448,-1,-1,-1,-1,-1,-1,-1,-1,-1,-1
110608,111397,112061,112643,115846,118513,119027,122948,178689,427583,529960,1015279,1081559,-1,-1,-1,-1,-1,-1,-1,-1,-1,-1,-1,-1,-1,-1,-1,-1
110584,111401,112051,112637,114864,116546,128374,132434,157973,160391,180186,186674,190009,215155,370641,508177,619809,621274,625334,736181,-1,-1,-1,-1,-1,-1,-1,-1,-1
110672,111503,112076,112668,113246,113917,116096,118873,122150,124759,173549,239345,246069,638627,658538,-1,-1,-1,-1,-1,-1,-1,-1,-1,-1,-1,-1,-1,-1
110616,111409,112067,112662,115856,117389,118260,134140,138995,178441,195739,322153,352585,423566,528944,610639,877272,-1,-1,-1,-1,-1,-1,-1,-1,-1,-1,-1,-1
110671,111403,112074,112656,113427,114700,115221,116164,118034,120963,124706,130273,137406,166005,172248,181287,206382,396428,441402,446152,529216,835494,-1,-1,-1,-1,-1,-1,-1
110698,111411,112084,112664,113435,113938,114697,115697,116366,118645,119575,122488,132021,138444,160956,362549,363445,388254,396191,412203,433574,437803,897765,932278,-1,-1,-1,-1,-1
110604,111341,112052,112664,117222,119118,123535,143094,193543,350826,435144,711173,844023,1137252,1188684,-1,-1,-1,-1,-1,-1,-1,-1,-1,-1,-1,-1,-1,-1
110650,111405,111992,112670,113443,113944,115975,117151,118531,119052,128163,144397,155939,173993,205682,326775,327462,388028,443531,487626,776540,996705,-1,-1,-1,-1,-1,-1,-1
110625,111409,112073,112658,113441,115864,117892,120245,127529,148545,199523,760776,769509,863932,1244124,-1,-1,-1,-1,-1,-1,-1,-1,-1,-1,-1,-1,-1,-1
110648,111406,112077,112665,113426,116153,116867,117471,131729,132299,135882,143880,162575,173225,185625,191954,198783,220067,429385,472747,-1,-1,-1,-1,-1,-1,-1,-1,-1
110677,111368,111991,112670,113441,113941,114622,115863,117984,119337,122868,123445,135193,140779,191273,216288,271650,639752,1079895,-1,-1,-1,-1,-1,-1,-1,-1,-1,-1
110684,111390,112069,112662,113444,116654,117539,118191,123850,127371,130801,165443,176550,179800,190226,202725,212744,425860,830478,964588,1041678,-1,-1,-1,-1,-1,-1,-1,-1
110615,111335,112067,112644,118190,131189,159381,1076600,-1,-1,-1,-1,-1,-1,-1,-1,-1,-1,-1,-1,-1,-1,-1,-1,-1,-1,-1,-1,-1
110615,111390,111959,112637,113411,123678,352568,731299,963885,1044576,-1,-1,-1,-1,-1,-1,-1,-1,-1,-1,-1,-1,-1,-1,-1,-1,-1,-1,-1
110599,111354,112069,112643,113422,118432,200602,210506,215322,453205,837599,1131079,-1,-1,-1,-1,-1,-1,-1,-1,-1,-1,-1,-1,-1,-1,-1,-1,-1
110598,111386,112070,112649,118997,122710,202769,345370,423945,577805,706731,-1,-1,-1,-1,-1,-1,-1,-1,-1,-1,-1,-1,-1,-1,-1,-1,-1,-1
110613,111395,111985,112658,113436,118822,123203,157687,174662,215043,219955,220563,423675,487964,507155,-1,-1,-1,-1,-1,-1,-1,-1,-1,-1,-1,-1,-1,-1
110603,111353,112068,112653,115186,118202,121229,274433,822451,1025255,1120875,-1,-1,-1,-1,-1,-1,-1,-1,-1,-1,-1,-1,-1,-1,-1,-1,-1,-1
110596,111403,111979,112660,113434,119145,155066,209299,588276,625379,869727,913099,-1,-1,-1,-1,-1,-1,-1,-1,-1,-1,-1,-1,-1,-1,-1,-1,-1
110590,111351,112670,117945,164663,190910,442242,527224,810312,852738,954603,1012832,1165210,1234576,-1,-1,-1,-1,-1,-1,-1,-1,-1,-1,-1,-1,-1,-1,-1
110607,111402,112060,112644,117712,123231,189696,202826,311654,451119,617810,746366,859843,970001,976310,-1,-1,-1,-1,-1,-1,-1,-1,-1,-1,-1,-1,-1,-1
110597,111347,112654,195320,199086,227270,228520,425885,464256,520634,865360,879300,962728,1060289,1239762,-1,-1,-1,-1,-1,-1,-1,-1,-1,-1,-1,-1,-1,-1
110568,111380,112043,112633,113398,119800,122111,123487,541773,677862,-1,-1,-1,-1,-1,-1,-1,-1,-1,-1,-1,-1,-1,-1,-1,-1,-1,-1,-1
110594,111399,112067,112650,113424,117715,118220,120489,128636,173596,426097,946441,1195235,-1,-1,-1,-1,-1,-1,-1,-1,-1,-1,-1,-1,-1,-1,-1,-1
110601,111333,112065,112654,122513,127145,200536,213632,552537,576422,774009,837358,889734,901866,944050,-1,-1,-1,-1,-1,-1,-1,-1,-1,-1,-1,-1,-1,-1
110576,111358,112067,112646,113421,118437,122522,162483,166237,170370,171271,176823,182430,213845,673035,-1,-1,-1,-1,-1,-1,-1,-1,-1,-1,-1,-1,-1,-1
110598,111394,112064,112651,120051,126207,138195,180339,181111,212944,297158,535018,860524,898892,1065179,-1,-1,-1,-1,-1,-1,-1,-1,-1,-1,-1,-1,-1,-1
110587,111422,112670,224125,395936,1109290,-1,-1,-1,-1,-1,-1,-1,-1,-1,-1,-1,-1,-1,-1,-1,-1,-1,-1,-1,-1,-1,-1,-1
110612,111393,111976,112657,113432,131255,211651,225851,228493,234382,237171,439766,478987,667753,961318,1039257,-1,-1,-1,-1,-1,-1,-1,-1,-1,-1,-1,-1,-1
110598,111356,112060,112642,122088,600653,979569,1090067,-1,-1,-1,-1,-1,-1,-1,-1,-1,-1,-1,-1,-1,-1,-1,-1,-1,-1,-1,-1,-1
110585,111397,112070,112651,113426,119118,780683,848398,959424,1038897,1172426,-1,-1,-1,-1,-1,-1,-1,-1,-1,-1,-1,-1,-1,-1,-1,-1,-1,-1
110588,111416,112073,112659,113439,117833,118336,128689,129193,336064,379022,432299,771614,1048285,-1,-1,-1,-1,-1,-1,-1,-1,-1,-1,-1,-1,-1,-1,-1
110602,111402,112061,112654,113434,118696,119615,120965,122780,188559,194959,223239,360019,459287,485882,921934,-1,-1,-1,-1,-1,-1,-1,-1,-1,-1,-1,-1,-1
110609,111404,112075,112666,113433,118747,128425,508207,814828,-1,-1,-1,-1,-1,-1,-1,-1,-1,-1,-1,-1,-1,-1,-1,-1,-1,-1,-1,-1
110658,111397,112060,112653,119002,123415,135454,137734,201648,446424,1087882,1213177,-1,-1,-1,-1,-1,-1,-1,-1,-1,-1,-1,-1,-1,-1,-1,-1,-1
110581,111402,112067,112654,113434,116134,119069,120844,143366,198706,-1,-1,-1,-1,-1,-1,-1,-1,-1,-1,-1,-1,-1,-1,-1,-1,-1,-1,-1
110592,111414,112079,112661,113434,113937,119153,121784,146407,218644,480024,501989,537280,1181139,-1,-1,-1,-1,-1,-1,-1,-1,-1,-1,-1,-1,-1,-1,-1
110612,111419,112668,120594,121743,169660,186561,206331,266112,304122,404833,778465,966317,-1,-1,-1,-1,-1,-1,-1,-1,-1,-1,-1,-1,-1,-1,-1,-1
110604,111395,112641,116223,117789,121342,160210,168039,337579,1032074,1202653,1236141,1244569,-1,-1,-1,-1,-1,-1,-1,-1,-1,-1,-1,-1,-1,-1,-1,-1
110604,111406,112083,112662,113435,116949,121249,122056,162873,164127,252147,268835,272921,449545,1106815,-1,-1,-1,-1,-1,-1,-1,-1,-1,-1,-1,-1,-1,-1
110585,111400,112072,112653,113424,113925,115841,119724,121240,192604,204314,214010,778583,867827,1147475,1152914,-1,-1,-1,-1,-1,-1,-1,-1,-1,-1,-1,-1,-1
110580,111400,112645,115546,117517,119981,127273,128463,193288,195601,255722,263836,409222,472870,591322,836292,921447,-1,-1,-1,-1,-1,-1,-1,-1,-1,-1,-1,-1
110606,111321,111984,112664,113432,116988,120813,175396,181394,210244,531783,587502,707545,947193,-1,-1,-1,-1,-1,-1,-1,-1,-1,-1,-1,-1,-1,-1,-1
110571,111403,112072,112661,113424,119074,123545,179366,209456,485669,645097,648891,951981,-1,-1,-1,-1,-1,-1,-1,-1,-1,-1,-1,-1,-1,-1,-1,-1
110570,111403,111982,112655,113435,117903,128008,232991,475038,622202,-1,-1,-1,-1,-1,-1,-1,-1,-1,-1,-1,-1,-1,-1,-1,-1,-1,-1,-1
110582,111394,112061,112641,113412,115024,118308,127400,153136,188393,194363,845479,910159,1206966,-1,-1,-1,-1,-1,-1,-1,-1,-1,-1,-1,-1,-1,-1,-1
110603,111397,112069,112654,113432,114975,118870,121842,122564,425607,527683,581877,-1,-1,-1,-1,-1,-1,-1,-1,-1,-1,-1,-1,-1,-1,-1,-1,-1
110601,111408,112069,112654,113421,118477,125547,167069,474605,553428,783479,-1,-1,-1,-1,-1,-1,-1,-1,-1,-1,-1,-1,-1,-1,-1,-1,-1,-1
110613,111404,111980,112660,113436,114707,115950,116774,117362,117906,124777,212935,440508,-1,-1,-1,-1,-1,-1,-1,-1,-1,-1,-1,-1,-1,-1,-1,-1
110607,111391,112055,112641,113412,115163,115846,117972,125743,136596,150857,169209,220473,226329,1074391,-1,-1,-1,-1,-1,-1,-1,-1,-1,-1,-1,-1,-1,-1
110602,111578,112648,113419,116342,117003,117870,128327,143716,183061,188037,200040,346861,406277,766507,-1,-1,-1,-1,-1,-1,-1,-1,-1,-1,-1,-1,-1,-1
110611,111398,111976,112657,113431,115525,118207,119479,135519,137051,173684,175402,210387,216776,321757,888400,1094127,-1,-1,-1,-1,-1,-1,-1,-1,-1,-1,-1,-1
110594,111396,112053,112644,113420,114002,114667,117242,117924,118427,119231,119807,124037,141547,178203,179424,185060,192456,198999,221418,400597,521437,560773,590734,1001383,1044524,-1,-1,-1
110575,111386,112062,112651,113425,116813,117410,197893,204529,827493,-1,-1,-1,-1,-1,-1,-1,-1,-1,-1,-1,-1,-1,-1,-1,-1,-1,-1,-1
110636,111396,111977,112661,113436,114015,115158,115856,121090,122228,161952,204734,211921,216297,511035,585650,587024,931593,961722,962797,1163330,-1,-1,-1,-1,-1,-1,-1,-1
110568,111401,112677,115227,120133,121667,123055,172017,516367,-1,-1,-1,-1,-1,-1,-1,-1,-1,-1,-1,-1,-1,-1,-1,-1,-1,-1,-1,-1
110614,111389,112050,112641,113408,114675,118515,120202,120733,128258,137278,148324,555784,1218708,-1,-1,-1,-1,-1,-1,-1,-1,-1,-1,-1,-1,-1,-1,-1
110664,111396,111982,112663,113433,116105,120840,124075,125380,141566,162617,192361,360070,591340,1030780,1229922,-1,-1,-1,-1,-1,-1,-1,-1,-1,-1,-1,-1,-1
110660,111398,111977,112664,113432,117777,118365,120917,122632,156055,172835,186744,190080,200713,237787,245088,805655,836231,-1,-1,-1,-1,-1,-1,-1,-1,-1,-1,-1
110639,111560,112815,115867,120170,125218,174985,351098,992661,-1,-1,-1,-1,-1,-1,-1,-1,-1,-1,-1,-1,-1,-1,-1,-1,-1,-1,-1,-1
110598,111379,112065,112657,113422,115629,122345,130093,136590,178770,186187,402338,443511,658562,698693,829172,1043279,-1,-1,-1,-1,-1,-1,-1,-1,-1,-1,-1,-1
110632,111347,112053,112639,113904,115351,117243,117819,183042,193928,198120,215895,230396,542973,657002,803837,1003900,1033698,1230880,-1,-1,-1,-1,-1,-1,-1,-1,-1,-1
110640,111399,111969,112649,113236,113922,115969,123370,204665,205721,215514,429258,648808,672053,722044,965988,-1,-1,-1,-1,-1,-1,-1,-1,-1,-1,-1,-1,-1
110632,111481,112066,112644,113226,113911,114428,115172,115848,118390,120991,182260,188921,1047409,-1,-1,-1,-1,-1,-1,-1,-1,-1,-1,-1,-1,-1,-1,-1
110525,111404,111978,112660,113429,113930,115353,123490,216498,223833,234323,246291,469281,517476,706849,973707,1109789,-1,-1,-1,-1,-1,-1,-1,-1,-1,-1,-1,-1
110638,111345,111967,112654,113428,114003,115698,122493,177831,180358,191983,229301,464892,541364,1045855,-1,-1,-1,-1,-1,-1,-1,-1,-1,-1,-1,-1,-1,-1
110640,111401,111985,112667,113244,113929,115027,122914,131129,156432,181977,187448,205982,723685,764807,944326,-1,-1,-1,-1,-1,-1,-1,-1,-1,-1,-1,-1,-1
110653,111371,111897,112670,113449,115126,160794,794436,877756,882376,-1,-1,-1,-1,-1,-1,-1,-1,-1,-1,-1,-1,-1,-1,-1,-1,-1,-1,-1
110649,111394,112659,115275,115838,117886,128412,165239,177146,189454,203052,283335,745019,1059217,1228723,-1,-1,-1,-1,-1,-1,-1,-1,-1,-1,-1,-1,-1,-1
110643,111401,112071,112656,114994,136068,194416,208915,223387,606419,733736,784583,-1,-1,-1,-1,-1,-1,-1,-1,-1,-1,-1,-1,-1,-1,-1,-1,-1
110638,111421,112003,112678,113263,113938,115011,115803,125763,129017,131715,133893,134427,197388,209002,223011,559825,624727,660985,1214945,-1,-1,-1,-1,-1,-1,-1,-1,-1
110582,111406,112066,112651,113434,115071,196628,233353,747817,-1,-1,-1,-1,-1,-1,-1,-1,-1,-1,-1,-1,-1,-1,-1,-1,-1,-1,-1,-1
110597,111408,112081,112661,113439,114018,114610,115325,115851,121244,137403,186827,211465,433298,849760,887219,-1,-1,-1,-1,-1,-1,-1,-1,-1,-1,-1,-1,-1
110598,111392,112057,112638,115776,116322,124467,133874,137412,147609,178710,182644,390999,800479,991755,-1,-1,-1,-1,-1,-1,-1,-1,-1,-1,-1,-1,-1,-1
110603,111398,112082,112661,113439,115875,116537,124920,135220,164487,185011,196596,205621,207218,219860,225689,343048,-1,-1,-1,-1,-1,-1,-1,-1,-1,-1,-1,-1
110596,111396,112078,112663,113431,116197,168916,175176,198222,222063,234948,236818,729058,775774,827598,-1,-1,-1,-1,-1,-1,-1,-1,-1,-1,-1,-1,-1,-1
110643,111368,111990,112670,113438,113938,116232,123506,127089,137361,188209,192560,336562,366452,747233,776102,802053,1050754,1149138,-1,-1,-1,-1,-1,-1,-1,-1,-1,-1
110598,111394,112072,112651,113437,115674,116335,139469,224585,231398,234676,240221,246577,518224,973211,1244807,-1,-1,-1,-1,-1,-1,-1,-1,-1,-1,-1,-1,-1
110640,111414,112077,112665,113433,115684,116326,133533,209851,210530,615775,654648,1037041,1175511,-1,-1,-1,-1,-1,-1,-1,-1,-1,-1,-1,-1,-1,-1,-1
110594,111346,112037,112633,116997,117866,124304,125962,141202,206639,222031,396693,770427,959223,1224948,-1,-1,-1,-1,-1,-1,-1,-1,-1,-1,-1,-1,-1,-1
110606,111401,112081,112654,116443,117094,122484,133456,140444,202555,221430,225302,230205,235802,240037,334447,491145,546204,801938,1073078,-1,-1,-1,-1,-1,-1,-1,-1,-1
110569,111390,112065,112653,113421,115962,117428,126266,137471,144075,184681,193804,206697,432132,596433,778051,873592,887239,-1,-1,-1,-1,-1,-1,-1,-1,-1,-1,-1
110601,111427,112087,112671,113445,115763,119913,135319,161808,350233,404620,465251,638908,722815,923663,-1,-1,-1,-1,-1,-1,-1,-1,-1,-1,-1,-1,-1,-1
110592,111406,112071,112659,113435,115683,119454,126771,136320,137610,756889,762132,797027,902397,933068,1131983,-1,-1,-1,-1,-1,-1,-1,-1,-1,-1,-1,-1,-1
110587,111414,112081,112670,113435,113936,116667,118521,125815,126874,161914,370153,667081,892408,995760,-1,-1,-1,-1,-1,-1,-1,-1,-1,-1,-1,-1,-1,-1
110583,111350,112661,117160,126159,129868,130659,141120,151408,166333,184509,191659,194613,211998,216132,484808,537054,1144182,1213548,-1,-1,-1,-1,-1,-1,-1,-1,-1,-1
110593,111400,112075,112656,118539,122512,132734,163716,179687,331229,797034,858475,1036880,1056441,-1,-1,-1,-1,-1,-1,-1,-1,-1,-1,-1,-1,-1,-1,-1
110634,111411,112081,112668,114168,120360,121428,164865,165815,170255,886318,1102990,-1,-1,-1,-1,-1,-1,-1,-1,-1,-1,-1,-1,-1,-1,-1,-1,-1
110575,111397,112062,112649,113425,114009,115746,133766,162865,187564,554921,879599,-1,-1,-1,-1,-1,-1,-1,-1,-1,-1,-1,-1,-1,-1,-1,-1,-1
110582,111346,112060,112651,113427,114028,114556,116698,150407,219174,598964,1082341,1148493,-1,-1,-1,-1,-1,-1,-1,-1,-1,-1,-1,-1,-1,-1,-1,-1
110574,111411,112065,112655,116354,116915,121818,126407,148687,173881,183339,190011,222213,462111,475825,-1,-1,-1,-1,-1,-1,-1,-1,-1,-1,-1,-1,-1,-1
110594,111362,112076,112657,113807,115659,122987,129916,141484,169150,175955,197118,368854,638512,1029715,-1,-1,-1,-1,-1,-1,-1,-1,-1,-1,-1,-1,-1,-1
110585,111393,112073,112658,113431,116088,118683,124675,144691,233390,-1,-1,-1,-1,-1,-1,-1,-1,-1,-1,-1,-1,-1,-1,-1,-1,-1,-1,-1
110565,111406,112664,113436,117200,121825,140064,143964,203276,223256,237587,288918,370025,742208,779889,974754,1103985,-1,-1,-1,-1,-1,-1,-1,-1,-1,-1,-1,-1
110604,111414,112077,112656,116633,126023,128515,135341,142059,195572,214741,424318,455737,647134,755228,854792,944621,984781,-1,-1,-1,-1,-1,-1,-1,-1,-1,-1,-1
110599,111386,111995,112661,113445,114721,115357,115905,116580,121472,126244,133174,147786,156713,169738,179280,195767,228163,903898,1236180,-1,-1,-1,-1,-1,-1,-1,-1,-1
110579,111380,112059,112664,113439,114785,117031,118406,119783,172484,177304,208408,664369,851311,-1,-1,-1,-1,-1,-1,-1,-1,-1,-1,-1,-1,-1,-1,-1
110605,111404,112071,112660,113439,116066,144214,146957,160909,199294,205316,223965,412078,449216,502977,-1,-1,-1,-1,-1,-1,-1,-1,-1,-1,-1,-1,-1,-1
110570,111362,112067,112651,113425,115291,119566,123256,173212,370309,1083878,-1,-1,-1,-1,-1,-1,-1,-1,-1,-1,-1,-1,-1,-1,-1,-1,-1,-1
110591,111369,112060,112649,115213,116710,119075,121951,131057,174459,181203,190408,201323,397899,406333,684295,1205499,-1,-1,-1,-1,-1,-1,-1,-1,-1,-1,-1,-1
110604,111417,112068,112661,115836,117816,118417,122350,147882,194788,200924,219265,240926,246680,806856,-1,-1,-1,-1,-1,-1,-1,-1,-1,-1,-1,-1,-1,-1
110582,111409,112065,112655,113425,114747,122120,128412,142057,144857,150619,188490,199172,590755,676809,1204141,-1,-1,-1,-1,-1,-1,-1,-1,-1,-1,-1,-1,-1
70117,110579,111347,111940,112721,113990,115239,122610,123753,128540,131011,137743,173103,588647,888034,919175,-1,-1,-1,-1,-1,-1,-1,-1,-1,-1,-1,-1,-1
110582,111421,111970,112656,117039,118790,119861,122967,126099,132298,134163,138143,170247,187202,214551,400363,733527,753838,787431,821268,1102501,-1,-1,-1,-1,-1,-1,-1,-1
110587,111362,111887,112668,113445,115469,119836,121501,124582,127404,128774,133873,141551,180380,188536,199685,225351,343391,395696,446923,-1,-1,-1,-1,-1,-1,-1,-1,-1
110560,111416,112066,112660,113440,115869,138045,140459,143140,176587,218736,731495,1090437,-1,-1,-1,-1,-1,-1,-1,-1,-1,-1,-1,-1,-1,-1,-1,-1
110552,111370,112056,112636,113514,116015,116657,120446,122833,128821,136826,138623,150815,165417,192324,199311,208524,220147,224191,401000,476409,495769,1009689,1092905,-1,-1,-1,-1,-1
110579,111374,112070,112659,113432,114608,116481,117132,118135,143433,151690,156664,159145,165159,168101,179975,182430,199051,204653,215596,287450,512237,753271,781889,-1,-1,-1,-1,-1
110562,111404,111988,112665,113443,114017,115235,128715,138633,143379,144797,148561,322108,825640,-1,-1,-1,-1,-1,-1,-1,-1,-1,-1,-1,-1,-1,-1,-1
110570,111394,112065,112648,113233,113913,115874,119464,120829,127300,142259,161507,181001,216409,475300,609319,-1,-1,-1,-1,-1,-1,-1,-1,-1,-1,-1,-1,-1
110554,111373,112069,112649,113425,114008,115432,115953,117126,118526,123438,124134,139961,145185,151212,157254,178344,182632,185455,192886,218361,239576,285675,383391,445583,719807,921408,928174,951812
110587,111387,112074,112654,113418,115002,118209,119749,127348,128590,131836,135777,139359,140944,164412,204351,231951,607751,823956,1038387,1048787,-1,-1,-1,-1,-1,-1,-1,-1
110577,111344,112657,113353,119148,668286,-1,-1,-1,-1,-1,-1,-1,-1,-1,-1,-1,-1,-1,-1,-1,-1,-1,-1,-1,-1,-1,-1,-1
110620,111411,111978,112668,113433,114014,114704,120821,125691,129099,334848,742061,892706,-1,-1,-1,-1,-1,-1,-1,-1,-1,-1,-1,-1,-1,-1,-1,-1
110596,111396,112069,112653,115740,116360,124289,469533,773061,956837,1207728,-1,-1,-1,-1,-1,-1,-1,-1,-1,-1,-1,-1,-1,-1,-1,-1,-1,-1
110591,111392,112065,112656,126789,134973,205037,220126,665149,836057,1051643,1069152,-1,-1,-1,-1,-1,-1,-1,-1,-1,-1,-1,-1,-1,-1,-1,-1,-1
110600,111358,112065,112655,122094,127102,129682,131515,140793,961681,1189051,1196316,-1,-1,-1,-1,-1,-1,-1,-1,-1,-1,-1,-1,-1,-1,-1,-1,-1
110595,111347,112069,112660,113439,118614,126464,135108,265574,433511,688028,-1,-1,-1,-1,-1,-1,-1,-1,-1,-1,-1,-1,-1,-1,-1,-1,-1,-1
110594,111342,112064,112649,113425,125912,126584,187806,193880,213416,241644,242275,852988,1067650,-1,-1,-1,-1,-1,-1,-1,-1,-1,-1,-1,-1,-1,-1,-1
110586,111397,112069,112651,113419,113924,114690,122818,127873,492403,554963,762250,869748,-1,-1,-1,-1,-1,-1,-1,-1,-1,-1,-1,-1,-1,-1,-1,-1
110592,111425,112076,112657,113442,114694,120722,326307,388317,553961,-1,-1,-1,-1,-1,-1,-1,-1,-1,-1,-1,-1,-1,-1,-1,-1,-1,-1,-1
110588,111417,112068,112649,113419,116647,117546,121217,123405,128935,168551,372081,387377,392240,431936,478916,704938,780256,785328,1022166,-1,-1,-1,-1,-1,-1,-1,-1,-1
110601,111403,112056,112648,113417,122574,127060,133586,134267,187851,194931,224102,229225,236238,323030,440404,441073,815996,903162,977207,1139296,-1,-1,-1,-1,-1,-1,-1,-1
110603,111395,112658,119090,122857,123897,130171,131954,156666,164644,180805,428256,582684,624855,801704,944481,947788,-1,-1,-1,-1,-1,-1,-1,-1,-1,-1,-1,-1
110629,111413,112082,112670,113253,113932,117590,119437,158357,163856,165092,177905,219968,327388,352796,475470,507367,724592,743241,894590,-1,-1,-1,-1,-1,-1,-1,-1,-1
110605,111385,112075,112664,118829,120498,123312,123989,212568,482642,572910,659924,1097283,-1,-1,-1,-1,-1,-1,-1,-1,-1,-1,-1,-1,-1,-1,-1,-1
110656,111398,112073,112657,113431,121519,123300,126872,176397,182420,191190,553361,789541,869558,1131956,1180017,-1,-1,-1,-1,-1,-1,-1,-1,-1,-1,-1,-1,-1
110575,111357,112021,112700,113280,113964,114548,119616,126098,134771,136736,156428,197945,528599,769769,1027486,-1,-1,-1,-1,-1,-1,-1,-1,-1,-1,-1,-1,-1
110645,111397,112062,112649,113227,117126,123832,137463,170624,183988,185940,203018,889969,1162091,-1,-1,-1,-1,-1,-1,-1,-1,-1,-1,-1,-1,-1,-1,-1
110643,111427,111986,112658,113245,113928,115853,123729,176405,199107,294754,603646,643952,747006,837680,1222009,-1,-1,-1,-1,-1,-1,-1,-1,-1,-1,-1,-1,-1
110609,111383,112065,112650,113418,114760,115549,120246,121254,125846,167499,175876,178074,185581,196793,468878,502421,504547,1028042,1076376,-1,-1,-1,-1,-1,-1,-1,-1,-1
110689,111404,112070,112658,113429,116158,134826,163196,195380,302990,574459,652642,745213,784582,844739,-1,-1,-1,-1,-1,-1,-1,-1,-1,-1,-1,-1,-1,-1
110604,111355,112059,112652,114407,115056,132219,193514,252783,-1,-1,-1,-1,-1,-1,-1,-1,-1,-1,-1,-1,-1,-1,-1,-1,-1,-1,-1,-1
110640,111381,111966,112642,113227,114390,115848,326347,759137,920995,-1,-1,-1,-1,-1,-1,-1,-1,-1,-1,-1,-1,-1,-1,-1,-1,-1,-1,-1
110600,111413,112680,115013,120756,121924,129276,132277,181075,188209,310022,446198,994150,-1,-1,-1,-1,-1,-1,-1,-1,-1,-1,-1,-1,-1,-1,-1,-1
110625,111398,112066,112653,113226,114098,115757,116799,120118,122932,195407,207646,430140,724117,-1,-1,-1,-1,-1,-1,-1,-1,-1,-1,-1,-1,-1,-1,-1
110598,111397,112674,115691,116198,120147,126197,183126,202014,209089,350918,427876,466289,654187,-1,-1,-1,-1,-1,-1,-1,-1,-1,-1,-1,-1,-1,-1,-1
110655,111308,111881,112652,113240,113928,116271,117029,120364,135641,169045,178603,185604,195252,371330,415625,492157,898333,995521,-1,-1,-1,-1,-1,-1,-1,-1,-1,-1
110580,111376,112049,112627,113204,114562,115459,181504,679891,896017,-1,-1,-1,-1,-1,-1,-1,-1,-1,-1,-1,-1,-1,-1,-1,-1,-1,-1,-1
110648,111299,111962,112638,113216,113905,114669,115588,123377,125805,129790,183067,193518,203157,531969,892627,952307,-1,-1,-1,-1,-1,-1,-1,-1,-1,-1,-1,-1
110607,111382,111954,112642,113219,113796,114871,116706,120304,168846,180569,190593,211227,221608,226731,305132,557721,842431,-1,-1,-1,-1,-1,-1,-1,-1,-1,-1,-1
110622,111392,111956,112637,113220,113902,116845,120121,124437,125012,129782,142291,152725,157864,167082,512893,-1,-1,-1,-1,-1,-1,-1,-1,-1,-1,-1,-1,-1
110658,111414,111982,112659,113251,113932,115595,119437,123825,129083,214642,270006,970743,-1,-1,-1,-1,-1,-1,-1,-1,-1,-1,-1,-1,-1,-1,-1,-1
110624,111308,112664,116212,118361,121735,141239,150164,200597,233508,383066,682492,713738,752441,790529,-1,-1,-1,-1,-1,-1,-1,-1,-1,-1,-1,-1,-1,-1
110617,111400,112065,112651,113228,113817,115765,117798,127620,288042,420596,517896,735530,992653,1032912,-1,-1,-1,-1,-1,-1,-1,-1,-1,-1,-1,-1,-1,-1
110645,111366,111937,112626,113197,115682,120251,130896,183995,197283,227562,639568,684572,781657,834261,963387,-1,-1,-1,-1,-1,-1,-1,-1,-1,-1,-1,-1,-1
110610,111381,111951,112641,116284,117704,119249,123088,124604,152426,154300,169298,179115,194051,206131,288523,371677,409678,473454,-1,-1,-1,-1,-1,-1,-1,-1,-1,-1
110607,111401,111979,112662,113236,113829,114604,116562,117752,122753,136285,163925,489026,546172,852490,-1,-1,-1,-1,-1,-1,-1,-1,-1,-1,-1,-1,-1,-1
110609,111330,112065,112646,113219,113908,115051,116664,124536,184022,212591,219013,248702,609105,828141,952639,-1,-1,-1,-1,-1,-1,-1,-1,-1,-1,-1,-1,-1
110601,111392,111968,112650,113224,114319,117176,128332,129309,139848,192979,274703,391379,750290,811995,945043,1151167,-1,-1,-1,-1,-1,-1,-1,-1,-1,-1,-1,-1
110609,111403,111970,112648,113232,116075,117141,118231,126731,152415,174784,175589,197133,201213,206039,223431,312020,354544,436111,492352,906031,1071516,-1,-1,-1,-1,-1,-1,-1
110601,111417,112054,112651,114747,118886,119830,175691,180477,186272,204844,212455,600264,1021361,-1,-1,-1,-1,-1,-1,-1,-1,-1,-1,-1,-1,-1,-1,-1
110609,111386,112057,112648,113219,113808,114748,118303,118960,206573,222273,397476,601756,952811,1055133,-1,-1,-1,-1,-1,-1,-1,-1,-1,-1,-1,-1,-1,-1
110597,111364,112067,112651,113234,113807,114516,116579,136958,177279,197065,245285,653820,815575,-1,-1,-1,-1,-1,-1,-1,-1,-1,-1,-1,-1,-1,-1,-1
110618,111394,111970,112650,113240,113920,114589,115656,119249,123341,839065,897156,-1,-1,-1,-1,-1,-1,-1,-1,-1,-1,-1,-1,-1,-1,-1,-1,-1
110620,111338,111961,112648,115204,117660,134432,169378,170733,181379,205606,405685,447141,514437,557459,593921,654027,691112,1036203,-1,-1,-1,-1,-1,-1,-1,-1,-1,-1
110599,111405,111979,112657,113232,113930,115196,117575,124216,164965,189606,519272,711713,1096223,-1,-1,-1,-1,-1,-1,-1,-1,-1,-1,-1,-1,-1,-1,-1
110597,111398,111951,112645,114076,116830,136767,175444,233245,670681,1051672,1069906,-1,-1,-1,-1,-1,-1,-1,-1,-1,-1,-1,-1,-1,-1,-1,-1,-1
110602,111397,111969,112651,113235,113994,115373,123029,126800,127906,164211,180397,214374,215317,224505,257066,607845,694773,901939,-1,-1,-1,-1,-1,-1,-1,-1,-1,-1
110584,111404,112074,112655,113249,113922,114451,115194,118627,120622,365753,736523,-1,-1,-1,-1,-1,-1,-1,-1,-1,-1,-1,-1,-1,-1,-1,-1,-1
110588,111391,111965,112650,113226,113910,114489,115068,117814,127644,129957,177421,185976,187517,529752,534955,862932,-1,-1,-1,-1,-1,-1,-1,-1,-1,-1,-1,-1
110603,111385,112659,114006,116780,121299,126818,139127,167018,173439,180114,185323,192060,199153,210113,239072,415002,561811,-1,-1,-1,-1,-1,-1,-1,-1,-1,-1,-1
110570,111561,112064,112634,113219,114097,114675,117959,119444,123514,137978,150677,156406,163907,457425,661005,925905,-1,-1,-1,-1,-1,-1,-1,-1,-1,-1,-1,-1
110601,111407,111956,112647,114089,116028,118728,119261,124123,125723,127602,129862,145491,181904,190087,199365,385947,-1,-1,-1,-1,-1,-1,-1,-1,-1,-1,-1,-1
110574,111404,111975,112658,113231,113760,115699,125056,127958,131854,133516,160435,181760,194867,196079,339318,465634,765277,1003290,-1,-1,-1,-1,-1,-1,-1,-1,-1,-1
110599,111404,111978,112664,113241,113923,114602,117768,118359,120850,143100,155843,170555,177417,215322,224258,420255,548108,850361,-1,-1,-1,-1,-1,-1,-1,-1,-1,-1
6614,110582,111395,112048,112634,114410,118605,119216,121895,132338,144479,165195,174369,958160,1043729,-1,-1,-1,-1,-1,-1,-1,-1,-1,-1,-1,-1,-1,-1
110570,111479,112057,112644,113225,113906,115026,115941,120927,147748,176879,200950,242515,299376,483370,989380,-1,-1,-1,-1,-1,-1,-1,-1,-1,-1,-1,-1,-1
110578,111382,112049,112638,113216,114216,115217,119267,131547,158006,302580,713189,1051491,-1,-1,-1,-1,-1,-1,-1,-1,-1,-1,-1,-1,-1,-1,-1,-1
110592,111369,112065,112648,113240,114740,119432,166292,182961,191793,209968,227903,234172,238061,307557,772644,-1,-1,-1,-1,-1,-1,-1,-1,-1,-1,-1,-1,-1
110570,111391,112057,112647,113223,113900,115305,115839,118821,136079,170255,173915,183307,189586,209147,412047,621315,692160,-1,-1,-1,-1,-1,-1,-1,-1,-1,-1,-1
110600,111402,112070,112653,113236,113911,115359,121108,125730,130730,178466,180086,192829,209849,219258,263902,461627,621893,955888,1087407,-1,-1,-1,-1,-1,-1,-1,-1,-1
110559,111397,111973,112654,113828,114346,116258,116808,118581,120260,144622,566578,661132,870607,1093483,-1,-1,-1,-1,-1,-1,-1,-1,-1,-1,-1,-1,-1,-1
110575,111403,111983,112658,113244,113831,114640,121195,123268,124792,129323,149226,151367,187046,188165,207762,388632,464780,612673,756019,1080103,1114583,-1,-1,-1,-1,-1,-1,-1
110602,111397,112057,112647,113240,113909,116311,117044,120262,123228,128152,139666,145372,147366,164261,592505,678101,760349,849725,938722,-1,-1,-1,-1,-1,-1,-1,-1,-1
110595,111359,111981,112660,113240,114177,117272,117954,123282,124923,132153,139074,158421,171611,173591,174141,210866,239412,396689,512131,865471,-1,-1,-1,-1,-1,-1,-1,-1
54029,110573,111401,112074,112658,113241,113826,114535,127461,130031,156042,168395,176358,195342,213631,491752,855733,-1,-1,-1,-1,-1,-1,-1,-1,-1,-1,-1,-1
110575,111389,112062,112641,113224,113909,115065,124198,125076,131020,142068,187664,197558,-1,-1,-1,-1,-1,-1,-1,-1,-1,-1,-1,-1,-1,-1,-1,-1
110586,111370,112066,112646,113238,115010,117065,118388,119551,120712,136730,171394,180283,209327,462392,486004,-1,-1,-1,-1,-1,-1,-1,-1,-1,-1,-1,-1,-1
110574,111388,111970,112653,113238,113918,114432,119063,123004,143504,180590,188852,190573,210680,247274,573916,1008019,-1,-1,-1,-1,-1,-1,-1,-1,-1,-1,-1,-1
110581,111390,111979,112664,113253,113918,114971,115492,116321,121314,148738,167545,685983,-1,-1,-1,-1,-1,-1,-1,-1,-1,-1,-1,-1,-1,-1,-1,-1
110599,111397,111979,112662,113240,113924,114613,116072,201839,415666,653380,878259,922351,-1,-1,-1,-1,-1,-1,-1,-1,-1,-1,-1,-1,-1,-1,-1,-1
110589,111393,112076,112653,113243,114224,116895,118795,121164,122084,126132,133779,144385,145301,161832,168968,541004,1054640,1169869,-1,-1,-1,-1,-1,-1,-1,-1,-1,-1
110590,111398,112063,112648,113231,113814,114401,117008,133209,154109,173829,384036,656332,979769,1057088,-1,-1,-1,-1,-1,-1,-1,-1,-1,-1,-1,-1,-1,-1
110574,111396,112065,112649,113230,113921,114496,115084,115862,117786,119702,129121,139883,511279,905811,1227616,-1,-1,-1,-1,-1,-1,-1,-1,-1,-1,-1,-1,-1
110593,111381,112056,112639,113225,113910,114714,117016,117855,154039,176687,197781,708849,892699,-1,-1,-1,-1,-1,-1,-1,-1,-1,-1,-1,-1,-1,-1,-1
110590,111397,111981,112658,113239,114053,114566,116270,118649,121620,123861,139403,153787,169942,180597,227021,239818,257329,390364,575438,648710,-1,-1,-1,-1,-1,-1,-1,-1
110601,111426,111989,112666,113249,114317,116619,122170,125272,127897,159361,234324,245124,752114,803796,993149,-1,-1,-1,-1,-1,-1,-1,-1,-1,-1,-1,-1,-1
110571,111391,112069,112654,113235,113913,114493,115862,116565,130742,132326,136602,148621,151299,171651,202348,206558,233795,-1,-1,-1,-1,-1,-1,-1,-1,-1,-1,-1
110580,111401,112080,112662,113250,113925,115015,118999,122980,129223,131328,140053,185268,196654,691976,-1,-1,-1,-1,-1,-1,-1,-1,-1,-1,-1,-1,-1,-1
110586,111419,112067,112659,113445,114134,114690,116391,129301,133015,136112,164848,165482,168776,170891,175341,179103,187146,192845,569540,745820,-1,-1,-1,-1,-1,-1,-1,-1
110614,111420,112084,112666,113247,113931,114511,115100,115681,117427,118579,121406,122542,130468,135296,136359,169088,178832,179400,185786,200865,362179,583929,857809,-1,-1,-1,-1,-1
110579,111354,112047,112640,115386,131384,191714,219405,235606,239263,421028,421764,871279,-1,-1,-1,-1,-1,-1,-1,-1,-1,-1,-1,-1,-1,-1,-1,-1
110614,111381,112066,112652,113230,113916,114607,116708,133237,691471,-1,-1,-1,-1,-1,-1,-1,-1,-1,-1,-1,-1,-1,-1,-1,-1,-1,-1,-1
110616,111418,111980,112655,113431,115574,119455,120010,134298,142866,152315,158917,187290,203797,765737,815010,894215,-1,-1,-1,-1,-1,-1,-1,-1,-1,-1,-1,-1
110619,111390,111972,112669,113250,115252,122054,122564,150492,152346,174560,336153,464912,636585,639922,693334,707412,874120,949211,-1,-1,-1,-1,-1,-1,-1,-1,-1,-1
110608,111424,111987,112664,113240,114148,114695,119310,135556,139932,150907,157818,179843,182905,334710,413871,594128,1052504,1177918,-1,-1,-1,-1,-1,-1,-1,-1,-1,-1
110622,111403,111973,112655,113233,113912,114524,115088,115843,117730,119437,133880,146766,148809,198287,362928,429164,-1,-1,-1,-1,-1,-1,-1,-1,-1,-1,-1,-1
71180,110613,111413,111991,112667,113915,114526,117119,121122,122020,129578,132358,165246,185413,186028,798012,1043345,-1,-1,-1,-1,-1,-1,-1,-1,-1,-1,-1,-1
110606,111410,112062,112645,113224,113803,114579,115168,117875,118562,119267,131678,148898,150207,155423,156396,167532,379419,420182,-1,-1,-1,-1,-1,-1,-1,-1,-1,-1
110605,111366,112042,112722,113296,113891,114854,117674,120427,123455,137098,152460,171888,193178,198328,256091,-1,-1,-1,-1,-1,-1,-1,-1,-1,-1,-1,-1,-1
110641,111397,111987,112663,113244,114871,117702,120950,122090,126055,126666,127274,127843,148835,151486,202976,217833,-1,-1,-1,-1,-1,-1,-1,-1,-1,-1,-1,-1
110617,111403,112076,112648,113239,115003,146989,149629,167848,170253,188118,193249,548161,649251,776995,847328,1234257,-1,-1,-1,-1,-1,-1,-1,-1,-1,-1,-1,-1
110618,111404,111981,112659,113248,114124,119703,121062,141970,149566,153188,206739,218801,505913,540361,958711,-1,-1,-1,-1,-1,-1,-1,-1,-1,-1,-1,-1,-1
110628,111883,112647,113239,113916,114733,115857,116819,118877,121207,139875,150010,156134,203092,213357,295014,513500,-1,-1,-1,-1,-1,-1,-1,-1,-1,-1,-1,-1
110593,111401,111981,112666,113245,113918,114464,115186,116338,122507,125920,135827,148436,153762,164502,172486,785026,803235,995078,-1,-1,-1,-1,-1,-1,-1,-1,-1,-1
110677,111395,112450,113218,113910,114696,117196,117776,119500,121722,123361,130297,134075,140211,141114,153900,176685,197483,199491,209642,223237,885501,-1,-1,-1,-1,-1,-1,-1
110620,111393,111978,112655,113237,114289,115818,119839,120528,128163,131738,137422,140514,144742,182219,188798,196882,214801,221775,264304,430492,-1,-1,-1,-1,-1,-1,-1,-1
110684,111418,112074,112663,113244,113922,114950,119037,120161,131196,136919,153774,157779,165822,177971,-1,-1,-1,-1,-1,-1,-1,-1,-1,-1,-1,-1,-1,-1
110632,111378,112054,112634,113418,114306,116674,118345,122927,132150,134874,139817,144484,153054,161459,173581,188705,696684,757405,1019258,1228417,-1,-1,-1,-1,-1,-1,-1,-1
110642,111395,111971,112649,113232,113949,115851,117687,118734,119474,131427,132698,138372,138944,141327,142953,178470,414793,431731,911045,1004257,-1,-1,-1,-1,-1,-1,-1,-1
110615,111402,111981,112657,113239,113930,114606,115175,116419,126672,130984,134126,141160,142658,146902,149514,150383,153307,164854,171169,386693,451868,987360,988666,1171221,-1,-1,-1,-1
110611,111401,112062,112651,113231,113910,116717,132061,958348,-1,-1,-1,-1,-1,-1,-1,-1,-1,-1,-1,-1,-1,-1,-1,-1,-1,-1,-1,-1
110631,111422,111987,112667,113239,119724,603714,655058,700477,864656,874985,1028924,1133126,-1,-1,-1,-1,-1,-1,-1,-1,-1,-1,-1,-1,-1,-1,-1,-1
110615,111400,111985,112663,113437,114606,514545,554083,1138290,1227831,1233893,-1,-1,-1,-1,-1,-1,-1,-1,-1,-1,-1,-1,-1,-1,-1,-1,-1,-1
110593,111410,112065,112645,113428,928891,-1,-1,-1,-1,-1,-1,-1,-1,-1,-1,-1,-1,-1,-1,-1,-1,-1,-1,-1,-1,-1,-1,-1
110614,111390,111956,112646,113413,120558,129247,129779,315119,350039,712760,963590,991807,-1,-1,-1,-1,-1,-1,-1,-1,-1,-1,-1,-1,-1,-1,-1,-1
110590,111378,112638,120326,140971,966028,1206247,-1,-1,-1,-1,-1,-1,-1,-1,-1,-1,-1,-1,-1,-1,-1,-1,-1,-1,-1,-1,-1,-1
110604,111402,111980,112659,113427,122787,127016,192713,335737,490146,731703,844942,1125484,-1,-1,-1,-1,-1,-1,-1,-1,-1,-1,-1,-1,-1,-1,-1,-1
110603,111405,112080,112659,113673,126005,132122,134768,429831,635251,653470,1133044,-1,-1,-1,-1,-1,-1,-1,-1,-1,-1,-1,-1,-1,-1,-1,-1,-1
110612,111406,112080,112662,113257,113930,115523,122158,999558,1082839,1084268,-1,-1,-1,-1,-1,-1,-1,-1,-1,-1,-1,-1,-1,-1,-1,-1,-1,-1
110602,111403,112076,112663,113434,115455,122181,123457,124346,134693,140492,153726,213956,742234,939258,955960,1011725,-1,-1,-1,-1,-1,-1,-1,-1,-1,-1,-1,-1
110614,111393,112073,112658,113436,116961,119739,123290,247020,283124,415991,553582,694158,816602,879742,-1,-1,-1,-1,-1,-1,-1,-1,-1,-1,-1,-1,-1,-1
110619,111378,111980,112661,113232,113925,121076,125028,181380,363432,551069,789262,-1,-1,-1,-1,-1,-1,-1,-1,-1,-1,-1,-1,-1,-1,-1,-1,-1
110598,111404,112086,112665,113432,117348,120619,124238,124945,142050,269215,443290,476065,591569,848445,889795,1117553,-1,-1,-1,-1,-1,-1,-1,-1,-1,-1,-1,-1
110633,111396,112059,112644,113412,113912,116398,120126,128304,140240,147294,164575,183950,328710,-1,-1,-1,-1,-1,-1,-1,-1,-1,-1,-1,-1,-1,-1,-1
110590,111369,112065,112645,113429,117242,208906,552803,597906,786057,936947,-1,-1,-1,-1,-1,-1,-1,-1,-1,-1,-1,-1,-1,-1,-1,-1,-1,-1
110598,111367,112060,112646,113754,116828,127425,512757,949275,1172942,-1,-1,-1,-1,-1,-1,-1,-1,-1,-1,-1,-1,-1,-1,-1,-1,-1,-1,-1
110594,111409,111978,112659,113434,115756,121361,123603,166990,919851,-1,-1,-1,-1,-1,-1,-1,-1,-1,-1,-1,-1,-1,-1,-1,-1,-1,-1,-1
110606,111410,112064,112645,115649,118517,382438,452112,616576,-1,-1,-1,-1,-1,-1,-1,-1,-1,-1,-1,-1,-1,-1,-1,-1,-1,-1,-1,-1
110590,111389,112685,116162,130864,333587,722733,939825,953285,-1,-1,-1,-1,-1,-1,-1,-1,-1,-1,-1,-1,-1,-1,-1,-1,-1,-1,-1,-1
110598,111417,112652,114537,117027,118624,125562,468722,749868,1103532,-1,-1,-1,-1,-1,-1,-1,-1,-1,-1,-1,-1,-1,-1,-1,-1,-1,-1,-1
110586,111358,112664,116101,122438,123932,147505,170140,181054,238295,868064,934258,-1,-1,-1,-1,-1,-1,-1,-1,-1,-1,-1,-1,-1,-1,-1,-1,-1
110604,111380,112044,112736,116440,120621,152217,560924,1122349,-1,-1,-1,-1,-1,-1,-1,-1,-1,-1,-1,-1,-1,-1,-1,-1,-1,-1,-1,-1
110590,111354,112060,112638,115889,119080,158480,166809,394943,1213216,-1,-1,-1,-1,-1,-1,-1,-1,-1,-1,-1,-1,-1,-1,-1,-1,-1,-1,-1
110595,111397,112071,112654,113231,113920,116939,228703,549904,1223239,-1,-1,-1,-1,-1,-1,-1,-1,-1,-1,-1,-1,-1,-1,-1,-1,-1,-1,-1
110610,111389,112079,112660,113240,113921,116018,126587,178887,208994,498273,873901,-1,-1,-1,-1,-1,-1,-1,-1,-1,-1,-1,-1,-1,-1,-1,-1,-1
110582,111392,111978,112662,113425,113925,115560,120289,136679,192314,238393,902803,1139034,1223362,-1,-1,-1,-1,-1,-1,-1,-1,-1,-1,-1,-1,-1,-1,-1
110619,111370,112074,112660,113435,118105,168183,192252,195885,208517,444255,491558,843949,-1,-1,-1,-1,-1,-1,-1,-1,-1,-1,-1,-1,-1,-1,-1,-1
110614,111406,112083,112660,113434,115167,118081,138565,154111,196184,238824,607392,894140,-1,-1,-1,-1,-1,-1,-1,-1,-1,-1,-1,-1,-1,-1,-1,-1
110589,111399,111983,112663,113239,113924,117047,163744,179085,388390,536124,769164,993188,1140066,1144511,1189731,-1,-1,-1,-1,-1,-1,-1,-1,-1,-1,-1,-1,-1
110628,111412,111971,112654,113423,115861,118141,181516,223339,228720,287613,475347,997738,-1,-1,-1,-1,-1,-1,-1,-1,-1,-1,-1,-1,-1,-1,-1,-1
110589,111366,112042,112629,115764,118608,227674,366206,593696,739725,1197101,-1,-1,-1,-1,-1,-1,-1,-1,-1,-1,-1,-1,-1,-1,-1,-1,-1,-1
110589,111356,112061,112645,114115,115801,116776,120075,172021,219586,220259,369423,674275,1117178,-1,-1,-1,-1,-1,-1,-1,-1,-1,-1,-1,-1,-1,-1,-1
110595,111426,112073,112654,113537,114085,116323,149222,172518,399806,457443,1061100,-1,-1,-1,-1,-1,-1,-1,-1,-1,-1,-1,-1,-1,-1,-1,-1,-1
110605,111401,112064,112647,113421,114954,116970,165272,185898,215841,458880,464314,530442,600849,-1,-1,-1,-1,-1,-1,-1,-1,-1,-1,-1,-1,-1,-1,-1
110607,111408,112071,112661,113239,114011,116619,135387,146915,189847,197253,221007,235364,399787,511547,-1,-1,-1,-1,-1,-1,-1,-1,-1,-1,-1,-1,-1,-1
110594,111392,112073,112654,113435,114000,114596,116664,156525,176225,178033,182807,409703,459484,462269,-1,-1,-1,-1,-1,-1,-1,-1,-1,-1,-1,-1,-1,-1
110603,111411,111988,112670,113435,114602,115190,116542,157348,583790,712255,752640,946126,1058689,-1,-1,-1,-1,-1,-1,-1,-1,-1,-1,-1,-1,-1,-1,-1
110600,111358,111970,112647,113422,114098,114686,116927,205322,219799,1109702,1135860,-1,-1,-1,-1,-1,-1,-1,-1,-1,-1,-1,-1,-1,-1,-1,-1,-1
110601,111386,112058,112642,114496,117301,163988,539998,571770,676443,725610,983082,1022320,-1,-1,-1,-1,-1,-1,-1,-1,-1,-1,-1,-1,-1,-1,-1,-1
110594,111396,112635,114461,116414,119480,129070,147501,190336,196526,202772,264036,803223,1176342,-1,-1,-1,-1,-1,-1,-1,-1,-1,-1,-1,-1,-1,-1,-1
110602,111389,111974,112659,114539,115480,116252,182474,1000459,1178822,-1,-1,-1,-1,-1,-1,-1,-1,-1,-1,-1,-1,-1,-1,-1,-1,-1,-1,-1
110621,111505,112081,112657,113439,114020,114618,116644,200553,210574,226519,394343,432657,433342,698694,1223130,-1,-1,-1,-1,-1,-1,-1,-1,-1,-1,-1,-1,-1
110579,111393,112055,112652,113419,114407,116290,125890,173836,205161,207388,487750,597324,883130,947738,-1,-1,-1,-1,-1,-1,-1,-1,-1,-1,-1,-1,-1,-1
110602,111403,111969,112649,113427,115369,193722,206202,569057,1134305,-1,-1,-1,-1,-1,-1,-1,-1,-1,-1,-1,-1,-1,-1,-1,-1,-1,-1,-1
110607,111345,111961,112660,114772,118307,209090,474644,846927,1206845,-1,-1,-1,-1,-1,-1,-1,-1,-1,-1,-1,-1,-1,-1,-1,-1,-1,-1,-1
110606,111357,112047,112644,114277,116363,124554,174817,195242,198034,205328,226255,260855,467343,944127,-1,-1,-1,-1,-1,-1,-1,-1,-1,-1,-1,-1,-1,-1
110653,111418,111998,112671,113251,113937,114901,121754,144563,194934,225684,498812,587840,938961,-1,-1,-1,-1,-1,-1,-1,-1,-1,-1,-1,-1,-1,-1,-1
110609,111396,112048,112640,113215,114270,116998,-1,-1,-1,-1,-1,-1,-1,-1,-1,-1,-1,-1,-1,-1,-1,-1,-1,-1,-1,-1,-1,-1
110651,111389,111992,112668,113255,113932,115465,117787,176008,187309,193980,205920,445673,824689,909070,-1,-1,-1,-1,-1,-1,-1,-1,-1,-1,-1,-1,-1,-1
110598,111420,112006,112676,113259,113849,114527,115795,116365,179097,209846,377819,-1,-1,-1,-1,-1,-1,-1,-1,-1,-1,-1,-1,-1,-1,-1,-1,-1
110627,111400,111987,112658,113430,113931,175806,212984,238396,257633,479649,492558,546168,1018568,-1,-1,-1,-1,-1,-1,-1,-1,-1,-1,-1,-1,-1,-1,-1
110590,111381,112051,112634,115054,126775,170615,251830,576278,-1,-1,-1,-1,-1,-1,-1,-1,-1,-1,-1,-1,-1,-1,-1,-1,-1,-1,-1,-1
110637,111379,111938,112614,113393,114180,116721,213754,221273,-1,-1,-1,-1,-1,-1,-1,-1,-1,-1,-1,-1,-1,-1,-1,-1,-1,-1,-1,-1
110618,111382,111974,112651,113236,113903,114731,115348,118896,217517,426118,426694,-1,-1,-1,-1,-1,-1,-1,-1,-1,-1,-1,-1,-1,-1,-1,-1,-1
110655,111408,111994,112673,113250,114508,115236,118472,185256,439619,953389,1025170,1062487,-1,-1,-1,-1,-1,-1,-1,-1,-1,-1,-1,-1,-1,-1,-1,-1
110613,111395,111973,112643,113234,113813,114676,116852,126411,126992,196426,202958,218198,712203,930235,-1,-1,-1,-1,-1,-1,-1,-1,-1,-1,-1,-1,-1,-1
110661,111403,111989,112668,113253,113842,115510,137590,182592,189151,194128,430866,529580,960022,-1,-1,-1,-1,-1,-1,-1,-1,-1,-1,-1,-1,-1,-1,-1
110584,111378,111964,112646,113232,113910,115097,119724,205837,-1,-1,-1,-1,-1,-1,-1,-1,-1,-1,-1,-1,-1,-1,-1,-1,-1,-1,-1,-1
110614,111402,111954,112632,113217,116696,155108,175628,198595,208864,421411,710259,734156,811375,-1,-1,-1,-1,-1,-1,-1,-1,-1,-1,-1,-1,-1,-1,-1
110659,111382,112033,112632,114567,117079,179192,189835,197440,211262,332380,394296,758166,-1,-1,-1,-1,-1,-1,-1,-1,-1,-1,-1,-1,-1,-1,-1,-1
110664,111391,111976,112655,113240,113922,114534,116610,178039,516226,766723,-1,-1,-1,-1,-1,-1,-1,-1,-1,-1,-1,-1,-1,-1,-1,-1,-1,-1
110691,111400,111990,112665,113254,113839,114919,121014,524193,551558,1118921,-1,-1,-1,-1,-1,-1,-1,-1,-1,-1,-1,-1,-1,-1,-1,-1,-1,-1
110627,111413,111990,112662,113245,114746,115857,116931,117898,160538,184302,191183,758970,957431,-1,-1,-1,-1,-1,-1,-1,-1,-1,-1,-1,-1,-1,-1,-1
110622,111395,111967,112640,113222,113725,114255,190999,195991,475554,616048,754181,973649,986051,-1,-1,-1,-1,-1,-1,-1,-1,-1,-1,-1,-1,-1,-1,-1
110595,111363,111952,112640,114450,114984,192445,199605,222232,340896,1076389,1118175,1134253,1206802,-1,-1,-1,-1,-1,-1,-1,-1,-1,-1,-1,-1,-1,-1,-1
110590,111404,112056,112646,113410,114138,114840,118369,126035,147629,151881,155757,165099,170934,177277,257457,426926,483232,669927,890266,-1,-1,-1,-1,-1,-1,-1,-1,-1
110594,111379,112043,112626,113207,114923,118088,185349,832102,-1,-1,-1,-1,-1,-1,-1,-1,-1,-1,-1,-1,-1,-1,-1,-1,-1,-1,-1,-1
110581,111362,112639,114591,230925,233691,243657,434076,1005846,-1,-1,-1,-1,-1,-1,-1,-1,-1,-1,-1,-1,-1,-1,-1,-1,-1,-1,-1,-1
110606,111400,111980,112655,113239,115286,134442,179118,189787,205168,209771,605937,671275,762678,-1,-1,-1,-1,-1,-1,-1,-1,-1,-1,-1,-1,-1,-1,-1
110604,111415,111993,112663,113246,113827,114420,114993,123509,124018,206181,217275,232554,303286,776963,-1,-1,-1,-1,-1,-1,-1,-1,-1,-1,-1,-1,-1,-1
110582,111387,111960,112645,113227,113905,116147,121760,190441,204513,227546,342469,607781,619178,909392,1100855,1221188,-1,-1,-1,-1,-1,-1,-1,-1,-1,-1,-1,-1
110597,111370,112046,112637,113219,116261,118673,120143,188530,197610,207254,365354,880108,-1,-1,-1,-1,-1,-1,-1,-1,-1,-1,-1,-1,-1,-1,-1,-1
110580,111397,111960,112638,113224,115756,118895,135847,181220,561248,1077091,-1,-1,-1,-1,-1,-1,-1,-1,-1,-1,-1,-1,-1,-1,-1,-1,-1,-1
110606,111412,111977,112652,113243,114792,115332,123306,124111,168373,698433,-1,-1,-1,-1,-1,-1,-1,-1,-1,-1,-1,-1,-1,-1,-1,-1,-1,-1
110609,111403,111963,112658,113229,113813,116610,121160,141301,200663,345802,410359,413285,464472,-1,-1,-1,-1,-1,-1,-1,-1,-1,-1,-1,-1,-1,-1,-1
110590,111384,112070,112651,113230,115931,122590,154156,193451,211874,478073,682607,772289,1007402,-1,-1,-1,-1,-1,-1,-1,-1,-1,-1,-1,-1,-1,-1,-1
110591,111386,111960,112647,114027,114654,121311,123215,128377,167643,208478,-1,-1,-1,-1,-1,-1,-1,-1,-1,-1,-1,-1,-1,-1,-1,-1,-1,-1
110605,111389,111972,112647,113235,113912,117553,120275,125399,180621,187239,204582,1024063,-1,-1,-1,-1,-1,-1,-1,-1,-1,-1,-1,-1,-1,-1,-1,-1
110582,111390,111974,112649,113230,113917,115897,120960,189941,208360,1220117,-1,-1,-1,-1,-1,-1,-1,-1,-1,-1,-1,-1,-1,-1,-1,-1,-1,-1
110582,111395,111973,112653,113239,113816,115847,116351,123362,173450,179285,181260,198101,206502,585884,1216478,-1,-1,-1,-1,-1,-1,-1,-1,-1,-1,-1,-1,-1
110603,111399,112040,112655,117290,151713,187535,195266,222026,231238,425130,455115,528811,812077,-1,-1,-1,-1,-1,-1,-1,-1,-1,-1,-1,-1,-1,-1,-1
110589,111381,111887,112658,113242,115231,115843,122309,126365,164780,197689,240785,704823,827033,857721,867777,892455,979600,-1,-1,-1,-1,-1,-1,-1,-1,-1,-1,-1
110606,111361,112071,112644,113232,113817,115060,216806,225194,229042,234053,646917,940984,979375,-1,-1,-1,-1,-1,-1,-1,-1,-1,-1,-1,-1,-1,-1,-1
110591,111360,112062,112655,113241,115074,120042,126311,169635,188834,388879,604029,653839,724997,1173733,-1,-1,-1,-1,-1,-1,-1,-1,-1,-1,-1,-1,-1,-1
110606,111389,111978,112661,113239,113920,114671,120650,122978,181588,705145,735760,788798,-1,-1,-1,-1,-1,-1,-1,-1,-1,-1,-1,-1,-1,-1,-1,-1
110608,111380,111980,112654,113245,114185,116294,128819,169944,178341,193656,395345,686667,-1,-1,-1,-1,-1,-1,-1,-1,-1,-1,-1,-1,-1,-1,-1,-1
110600,111401,112078,112656,113430,114205,125322,140485,176002,280003,412541,982870,-1,-1,-1,-1,-1,-1,-1,-1,-1,-1,-1,-1,-1,-1,-1,-1,-1
110599,111391,111978,112649,113431,114903,125964,151196,156612,161628,182228,205809,1132566,-1,-1,-1,-1,-1,-1,-1,-1,-1,-1,-1,-1,-1,-1,-1,-1
110607,111407,111983,112661,113246,113920,115017,128616,154575,160483,174873,180649,185698,195453,210709,493407,827718,-1,-1,-1,-1,-1,-1,-1,-1,-1,-1,-1,-1
110604,111397,111972,112652,113426,114210,115021,116334,120467,123369,127089,157514,168288,204618,210945,240988,779085,1000286,-1,-1,-1,-1,-1,-1,-1,-1,-1,-1,-1
110628,111430,111956,112644,113425,117801,121218,122170,126142,168001,201488,205380,248033,253465,424017,443038,-1,-1,-1,-1,-1,-1,-1,-1,-1,-1,-1,-1,-1
110610,111403,112659,114863,123215,126059,172479,199732,218835,433688,1076413,1081262,1144628,-1,-1,-1,-1,-1,-1,-1,-1,-1,-1,-1,-1,-1,-1,-1,-1
110600,111401,112071,112661,113432,114985,122189,123059,123944,126410,155468,172637,178054,182846,187769,193128,199000,212704,475211,-1,-1,-1,-1,-1,-1,-1,-1,-1,-1
110614,111416,111985,112664,113249,113927,114613,115536,118869,122606,124082,126203,126788,150676,153376,161897,179560,185458,191122,196719,204573,214267,224333,799886,885286,-1,-1,-1,-1
110599,111410,111973,112649,114495,118401,119775,121046,171892,184664,895634,-1,-1,-1,-1,-1,-1,-1,-1,-1,-1,-1,-1,-1,-1,-1,-1,-1,-1
110601,111407,111982,112663,113429,114228,120743,124080,147953,168191,349229,901689,-1,-1,-1,-1,-1,-1,-1,-1,-1,-1,-1,-1,-1,-1,-1,-1,-1
110591,111401,112059,112645,114771,120508,122115,124469,144900,160806,165289,177474,239757,1237223,-1,-1,-1,-1,-1,-1,-1,-1,-1,-1,-1,-1,-1,-1,-1
110611,111420,112072,112661,114527,116209,119004,125575,126812,171663,182624,188368,196277,216323,687578,754960,1241691,-1,-1,-1,-1,-1,-1,-1,-1,-1,-1,-1,-1
110610,111389,111970,112643,114458,116807,120530,125693,126201,164338,167919,172570,303268,303847,691409,834429,-1,-1,-1,-1,-1,-1,-1,-1,-1,-1,-1,-1,-1
110603,111426,111989,112658,114635,119456,122954,124654,130685,158619,172197,183638,185804,192155,345685,390119,-1,-1,-1,-1,-1,-1,-1,-1,-1,-1,-1,-1,-1
